-- phpMyAdmin SQL Dump
-- version 5.0.2
-- https://www.phpmyadmin.net/
--
-- Host: 127.0.0.1
-- Generation Time: Sep 04, 2020 at 08:43 AM
-- Server version: 10.4.11-MariaDB
-- PHP Version: 7.4.6

SET SQL_MODE = "NO_AUTO_VALUE_ON_ZERO";
START TRANSACTION;
SET time_zone = "+00:00";


/*!40101 SET @OLD_CHARACTER_SET_CLIENT=@@CHARACTER_SET_CLIENT */;
/*!40101 SET @OLD_CHARACTER_SET_RESULTS=@@CHARACTER_SET_RESULTS */;
/*!40101 SET @OLD_COLLATION_CONNECTION=@@COLLATION_CONNECTION */;
/*!40101 SET NAMES utf8mb4 */;

--
-- Database: `hardwaredb`
--

-- --------------------------------------------------------

--
-- Table structure for table `broken_items`
--

CREATE TABLE `broken_items` (
  `broken_item_id` int(11) NOT NULL,
  `item_id` char(8) NOT NULL,
  `quantity` double NOT NULL,
  `description` varchar(100) DEFAULT NULL,
  `price` double(12,2) NOT NULL,
  `date_time` datetime NOT NULL
) ENGINE=InnoDB DEFAULT CHARSET=utf8;

--
-- Dumping data for table `broken_items`
--

INSERT INTO `broken_items` (`broken_item_id`, `item_id`, `quantity`, `description`, `price`, `date_time`) VALUES
(1, '18090003', 8, 'asd asdasd asd asd', 30.00, '2019-10-06 06:31:14'),
(3, '18090012', 1, 'testasd', 110.00, '2019-10-06 06:51:11'),
(4, '18090007', 1, 'asdasdasd', 251.00, '2019-10-06 06:53:11'),
(5, '18090007', 1, 'asdasd', 281.12, '2019-10-06 07:09:38'),
(6, '18100003', 2, 'asdas', 120.00, '2019-10-11 08:27:40');

-- --------------------------------------------------------

--
-- Table structure for table `categories`
--

CREATE TABLE `categories` (
  `category_id` int(11) NOT NULL,
  `description` varchar(45) NOT NULL
) ENGINE=InnoDB DEFAULT CHARSET=utf8;

--
-- Dumping data for table `categories`
--

INSERT INTO `categories` (`category_id`, `description`) VALUES
(1, 'Uncategorized'),
(3, 'Lumber'),
(4, 'Nail'),
(5, 'Paint'),
(6, 'Construction Materials'),
(7, 'Test');

-- --------------------------------------------------------

--
-- Table structure for table `customers`
--

CREATE TABLE `customers` (
  `customer_id` char(8) NOT NULL,
  `first_name` varchar(35) NOT NULL,
  `last_name` varchar(35) NOT NULL,
  `address` varchar(100) DEFAULT NULL,
  `contact_no` varchar(20) DEFAULT NULL,
  `record_date` date DEFAULT NULL
) ENGINE=InnoDB DEFAULT CHARSET=utf8;

--
-- Dumping data for table `customers`
--

INSERT INTO `customers` (`customer_id`, `first_name`, `last_name`, `address`, `contact_no`, `record_date`) VALUES
('18090001', 'Kerri', 'Watson', '120 Gulod, Cabuyao, Laguna', '09897687432', '2018-09-21'),
('18090002', 'Jenson', 'Solis', 'Blk 21 Lot 22 Katapatan Subd.', '09887456765', '2018-09-21'),
('18090003', 'Shaw', 'Kelis', '150 Butong, Cabuyao, Laguna', '09876574837', '2018-09-21'),
('18090004', 'Downes', 'Krish', 'blk 23 lot 22 Testing, Cabuyao, Laguna', '09875647734', '2018-09-21'),
('18090005', 'Test', 'Test', 'Blk21 Lot 30, Test Street, Brgy Test, City Test, Laguna', '09238112323', '2018-09-21'),
('18100001', 'Gilbert', 'Ebonas', '123, Purok 3, Bigaa, Cabuyao, Laguna', '09456776754', '2018-10-04'),
('18100002', 'Lang', 'Subok', '123 Butong, Cabuyao, Laguna', '09124556789', '2018-10-10'),
('18100003', 'John Carlo', 'Lopez', 'Blk 21 Lot 16 Celestine Homes, Marinig, Cabuyao, Laguna', '09092556787', '2018-10-10');

-- --------------------------------------------------------

--
-- Table structure for table `deliveries`
--

CREATE TABLE `deliveries` (
  `delivery_id` int(11) NOT NULL,
  `sale_id` char(8) NOT NULL,
  `delivery_address` varchar(200) DEFAULT NULL,
  `date` date NOT NULL,
  `time_start` time NOT NULL,
  `time_end` time DEFAULT NULL,
  `status_id` int(11) NOT NULL DEFAULT 1,
  `delivery_fee` decimal(12,2) DEFAULT 0.00,
  `truck_id` int(11) NOT NULL,
  `staff_id` char(8) NOT NULL,
  `date_recorded` date DEFAULT NULL
) ENGINE=InnoDB DEFAULT CHARSET=utf8;

--
-- Dumping data for table `deliveries`
--

INSERT INTO `deliveries` (`delivery_id`, `sale_id`, `delivery_address`, `date`, `time_start`, `time_end`, `status_id`, `delivery_fee`, `truck_id`, `staff_id`, `date_recorded`) VALUES
(1, '18100017', 'blk 23 lot 22 Testing, Cabuyao, Laguna', '2019-10-05', '21:28:00', '21:58:00', 2, '0.00', 1, '20180901', '2019-10-05'),
(2, '18100020', 'asdassdasdblk 23 lot 22 Testing, Cabuyao, Laguna', '2019-10-05', '22:09:00', '22:39:00', 2, '20.00', 2, '20180901', '2019-10-05'),
(3, '18100022', ' 123 Testing, Cabuyao, Laguna', '2019-10-06', '08:53:00', '09:23:00', 2, '20.00', 1, '20180901', '2019-10-06'),
(4, '18100023', 'blk 23 lot 22 Testing, Cabuyao, Laguna', '2019-10-06', '08:55:00', '09:25:00', 2, '2.00', 3, '20180901', '2018-10-06'),
(5, '18100025', 'blk 23 lot 22 Testing, Cabuyao, Laguna', '2019-10-06', '18:21:00', '18:51:00', 2, '1.00', 1, '20180901', '2018-10-06'),
(6, '18100026', 'blk 23 lot 22 Celestine Homes,Cabuyao, Laguna', '2019-10-07', '11:04:00', '11:34:00', 2, '10.00', 1, '20180901', '2018-10-07'),
(7, '18100030', '192  lot 22 Testing, Cabuyao, Laguna', '2019-10-07', '12:01:00', '12:31:00', 3, '100.00', 2, '20180901', '2018-10-07'),
(8, '18100031', '125  Testing, Cabuyao, Laguna', '2019-10-07', '16:36:00', '17:06:00', 2, '20.00', 2, '20180901', '2018-10-07'),
(9, '18100032', 'blk 23 lot 22 Testing, Cabuyao, Laguna', '2019-10-07', '22:02:00', '22:32:00', 3, '2.00', 1, '20180901', '2018-10-07'),
(10, '18100033', 'blk 23 lot 22 Testing, Cabuyao, Laguna', '2019-10-07', '22:44:00', '23:14:00', 3, '100.00', 1, '20180901', '2018-10-07'),
(11, '18100035', '120 Gulod, Cabuyao, Laguna', '2019-10-08', '08:42:00', '09:12:00', 2, '20.00', 1, '20180901', '2018-10-08'),
(12, '18100037', 'Blk 21 Lot 22 Katapatan Subd.', '2019-10-08', '09:09:00', '09:39:00', 2, '100.00', 2, '20180901', '2018-10-08'),
(13, '18100039', '123, Purok 3, Bigaa, Cabuyao, Laguna', '2019-10-08', '10:12:00', '10:42:00', 2, '0.00', 2, '20181004', '2018-10-08'),
(14, '18100040', '123, Purok 3, Bigaa, Cabuyao, Laguna', '2019-10-08', '10:35:00', '11:05:00', 1, '20.00', 1, '20180901', '2018-10-08'),
(15, '18100045', 'blk 23 lot 22 Testing, Cabuyao, Laguna', '2019-10-10', '07:20:00', '07:50:00', 1, '0.00', 2, '20180901', '2018-10-10'),
(16, '18100046', '123, Purok 3, Bigaa, Cabuyao, Laguna', '2019-10-10', '08:44:00', '09:14:00', 2, '0.00', 1, '20180901', '2018-10-10'),
(17, '18100047', 'blk 23 lot 22 Testing, Cabuyao, Laguna', '2019-10-10', '08:13:00', '08:43:00', 1, '20.00', 1, '20180901', '2018-10-10'),
(18, '18100048', 'blk 23 lot 22 Testing, Cabuyao, Laguna', '2019-10-10', '09:18:00', '09:48:00', 1, '100.00', 2, '20180901', '2018-10-10'),
(19, '18100049', '123, Purok 3, Bigaa, Cabuyao, Laguna', '2019-10-10', '09:23:00', '09:53:00', 1, '0.00', 1, '20180901', '2018-10-10'),
(20, '18100051', 'blk 23 lot 22 Testing, Cabuyao, Laguna', '2019-10-10', '11:37:00', '12:07:00', 1, '50.00', 1, '20180901', '2018-10-10'),
(21, '18100054', '123, Purok 3, Bigaa, Cabuyao, Laguna', '2019-10-11', '08:58:00', '09:28:00', 1, '50.00', 1, '20180901', '2018-10-11'),
(22, '18100055', '123, Purok 3, Bigaa, Cabuyao, Laguna', '2019-10-12', '08:52:00', '09:22:00', 1, '0.00', 1, '20180901', '2018-10-12');

-- --------------------------------------------------------

--
-- Table structure for table `delivery_staff`
--

CREATE TABLE `delivery_staff` (
  `delivery_staff_id` int(11) NOT NULL,
  `staff_id` char(8) NOT NULL,
  `delivery_id` int(11) NOT NULL,
  `role` varchar(45) DEFAULT NULL
) ENGINE=InnoDB DEFAULT CHARSET=utf8;

--
-- Dumping data for table `delivery_staff`
--

INSERT INTO `delivery_staff` (`delivery_staff_id`, `staff_id`, `delivery_id`, `role`) VALUES
(1, '20181005', 1, 'Helper'),
(2, '20181006', 1, 'Helper'),
(3, '20181007', 1, 'Truck Driver'),
(4, '20181005', 2, 'Helper'),
(5, '20181006', 2, 'Helper'),
(6, '20181007', 2, 'Truck Driver'),
(7, '20181005', 3, 'Helper'),
(8, '20181006', 3, 'Helper'),
(9, '20181007', 3, 'Truck Driver'),
(10, '20181008', 4, 'Helper'),
(11, '20181009', 4, 'Helper'),
(12, '20181010', 4, 'Truck Driver'),
(13, '20181005', 5, 'Helper'),
(14, '20181006', 5, 'Helper'),
(15, '20181007', 5, 'Truck Driver'),
(16, '20181005', 6, 'Helper'),
(17, '20181006', 6, 'Helper'),
(18, '20181007', 6, 'Truck Driver'),
(19, '20181005', 7, 'Helper'),
(20, '20181006', 7, 'Helper'),
(21, '20181007', 7, 'Truck Driver'),
(22, '20181005', 8, 'Helper'),
(23, '20181006', 8, 'Helper'),
(24, '20181007', 8, 'Truck Driver'),
(25, '20181005', 9, 'Helper'),
(26, '20181006', 9, 'Helper'),
(27, '20181007', 9, 'Truck Driver'),
(28, '20181005', 10, 'Helper'),
(29, '20181006', 10, 'Helper'),
(30, '20181007', 10, 'Truck Driver'),
(31, '20181008', 10, 'Helper'),
(32, '20181009', 10, 'Helper'),
(33, '20181005', 11, 'Helper'),
(34, '20181006', 11, 'Helper'),
(35, '20181007', 11, 'Truck Driver'),
(36, '20181008', 12, 'Helper'),
(37, '20181009', 12, 'Helper'),
(38, '20181010', 12, 'Truck Driver'),
(39, '20181005', 13, 'Helper'),
(40, '20181006', 13, 'Helper'),
(41, '20181007', 13, 'Truck Driver'),
(42, '20181008', 14, 'Helper'),
(43, '20181009', 14, 'Helper'),
(44, '20181010', 14, 'Truck Driver'),
(45, '20181005', 15, 'Helper'),
(46, '20181006', 15, 'Helper'),
(47, '20181007', 15, 'Truck Driver'),
(48, '20181005', 16, 'Helper'),
(49, '20181006', 16, 'Helper'),
(50, '20181007', 16, 'Truck Driver'),
(51, '20181008', 16, 'Helper'),
(52, '20181009', 16, 'Helper'),
(53, '20181007', 17, 'Truck Driver'),
(54, '20181006', 17, 'Helper'),
(55, '20181005', 17, 'Helper'),
(56, '20181005', 18, 'Helper'),
(57, '20181006', 18, 'Helper'),
(58, '20181007', 18, 'Truck Driver'),
(59, '20181010', 19, 'Truck Driver'),
(60, '20181009', 19, 'Helper'),
(61, '20181013', 19, 'Helper'),
(62, '20181005', 20, 'Helper'),
(63, '20181006', 20, 'Helper'),
(64, '20181007', 20, 'Truck Driver'),
(65, '20181005', 21, 'Helper'),
(66, '20181006', 21, 'Helper'),
(67, '20181007', 21, 'Truck Driver'),
(68, '20181005', 22, 'Helper'),
(69, '20181006', 22, 'Helper'),
(70, '20181007', 22, 'Truck Driver');

-- --------------------------------------------------------

--
-- Table structure for table `deliver_status`
--

CREATE TABLE `deliver_status` (
  `status_id` int(11) NOT NULL COMMENT '1 - Waiting\n2 - Delivered\n3 - Canceled',
  `description` varchar(45) NOT NULL
) ENGINE=InnoDB DEFAULT CHARSET=utf8;

--
-- Dumping data for table `deliver_status`
--

INSERT INTO `deliver_status` (`status_id`, `description`) VALUES
(1, 'Ongoing'),
(2, 'Finished'),
(3, 'Cancelled');

-- --------------------------------------------------------

--
-- Table structure for table `items`
--

CREATE TABLE `items` (
  `item_id` char(8) NOT NULL COMMENT 'sample: item1800001\nnew format : 18080000 - yymm0000',
  `item_name` varchar(45) NOT NULL,
  `price` decimal(12,2) NOT NULL,
  `SRP` decimal(12,2) DEFAULT NULL,
  `quantity` double DEFAULT NULL,
  `unit_category_id` int(11) NOT NULL,
  `category_id` int(11) NOT NULL,
  `is_vatable` tinyint(1) DEFAULT NULL
) ENGINE=InnoDB DEFAULT CHARSET=utf8;

--
-- Dumping data for table `items`
--

INSERT INTO `items` (`item_id`, `item_name`, `price`, `SRP`, `quantity`, `unit_category_id`, `category_id`, `is_vatable`) VALUES
('18090001', 'Common Nail', '50.00', '50.00', 56, 1, 4, 0),
('18090002', 'Common Nail', '40.00', '40.00', 0, 1, 4, 1),
('18090003', 'Common Nail', '30.00', '30.00', 12, 1, 4, 0),
('18090004', 'Common Nail', '20.00', '20.00', 10, 1, 4, 0),
('18090005', 'Common Nail', '10.00', '10.00', 23, 1, 4, 0),
('18090007', 'Roof Paint', '250.00', '250.00', 23, 2, 5, 1),
('18090012', 'Coco Lumber', '110.00', '100.00', 129, 2, 3, 0),
('18090013', 'Good Lumber', '320.00', '300.00', 120, 2, 3, 0),
('18090014', 'Cement', '155.00', '150.00', 0, 4, 6, 1),
('18090015', 'Buhangin', '200.00', '200.00', 300, 4, 6, 0),
('18100001', 'Steel', '100.00', '100.00', 65, 2, 6, 1),
('18100002', 'Cement', '145.00', '140.00', 60, 4, 6, 1),
('18100003', 'Concrete Nail', '120.00', '120.00', 195, 1, 4, 0);

-- --------------------------------------------------------

--
-- Table structure for table `item_attributes`
--

CREATE TABLE `item_attributes` (
  `attribute_id` int(11) NOT NULL,
  `description` varchar(45) NOT NULL
) ENGINE=InnoDB DEFAULT CHARSET=utf8;

--
-- Dumping data for table `item_attributes`
--

INSERT INTO `item_attributes` (`attribute_id`, `description`) VALUES
(1, 'Size'),
(2, 'Color'),
(3, 'Brand'),
(4, 'Width'),
(5, 'Height'),
(6, 'Type');

-- --------------------------------------------------------

--
-- Table structure for table `item_details`
--

CREATE TABLE `item_details` (
  `detail_id` int(11) NOT NULL,
  `item_id` char(8) NOT NULL,
  `attribute_id` int(11) NOT NULL,
  `detail_description` varchar(45) NOT NULL
) ENGINE=InnoDB DEFAULT CHARSET=utf8;

--
-- Dumping data for table `item_details`
--

INSERT INTO `item_details` (`detail_id`, `item_id`, `attribute_id`, `detail_description`) VALUES
(24, '18090001', 1, '5 inches'),
(25, '18090002', 1, '4 inches'),
(26, '18090003', 1, '3 inches'),
(27, '18090004', 1, '2 inches'),
(28, '18090005', 1, '1 inch'),
(29, '18090012', 4, '2 x 2'),
(30, '18090012', 5, '8 meters'),
(31, '18090007', 3, 'Boysen'),
(32, '18090007', 1, '1000ml'),
(33, '18090007', 2, 'Red'),
(34, '18090013', 4, '2 x 2'),
(35, '18090013', 5, '10 meters'),
(36, '18090014', 3, 'Rizal'),
(37, '18090015', 6, 'Bistay'),
(39, '18100001', 4, '2 inches'),
(40, '18100002', 3, 'GabCement'),
(41, '18100002', 1, 'Small'),
(42, '18100003', 1, '5 inches');

-- --------------------------------------------------------

--
-- Table structure for table `item_return`
--

CREATE TABLE `item_return` (
  `item_return_id` int(11) NOT NULL,
  `item_id` char(8) NOT NULL,
  `quantity` double NOT NULL,
  `reason_for_return` varchar(100) DEFAULT NULL,
  `item_condition` varchar(45) DEFAULT NULL,
  `return_amount` decimal(12,2) NOT NULL,
  `is_returned_to_stocks` tinyint(1) DEFAULT 0 COMMENT '0 -false \n1- true',
  `return_id` char(8) DEFAULT NULL,
  `item_price` decimal(12,2) DEFAULT NULL
) ENGINE=InnoDB DEFAULT CHARSET=utf8;

--
-- Dumping data for table `item_return`
--

INSERT INTO `item_return` (`item_return_id`, `item_id`, `quantity`, `reason_for_return`, `item_condition`, `return_amount`, `is_returned_to_stocks`, `return_id`, `item_price`) VALUES
(1, '18090007', 1, 'asdadasd', 'Good', '280.00', 1, '18100001', '280.00'),
(2, '18090002', 1, 'asdasd asdasd', 'Good', '20.00', 0, '18100002', '40.00'),
(3, '18090007', 2, 'asdasd asdasd', 'Good', '280.00', 0, '18100002', '280.00'),
(4, '18090007', 1, 'Sobra ang nabili', 'Good', '281.12', 0, '18100003', '281.12'),
(5, '18090002', 3, 'asdasd asdad asd', 'Good', '44.80', 1, '18100004', '44.80'),
(6, '18090003', 2, 'sobra', 'Good', '30.00', 0, '18100005', '30.00'),
(7, '18090012', 10, 'sobra ng sampu', 'Good', '110.00', 0, '18100006', '110.00'),
(8, '18090007', 1, 'asdasdasd', 'Good', '280.00', 0, '18100007', '281.12'),
(9, '18090015', 2, 'asdasd asdasd asd', 'Good', '200.00', 0, '18100008', '200.00'),
(10, '18090003', 2, 'sobra', 'Good', '30.00', 1, '18100009', '30.00'),
(11, '18100002', 2, 'sobra', 'Good', '160.00', 0, '18100010', '162.40');

-- --------------------------------------------------------

--
-- Table structure for table `item_supplies`
--

CREATE TABLE `item_supplies` (
  `item_supply_id` char(8) NOT NULL COMMENT 'sample :18080000\nformat: yymm0000',
  `item_id` char(8) NOT NULL,
  `supplier_id` int(11) NOT NULL,
  `price` decimal(12,2) NOT NULL,
  `quantity` double NOT NULL,
  `date_recieved` date NOT NULL,
  `staff_id` char(8) NOT NULL,
  `is_added_to_stock` tinyint(1) NOT NULL DEFAULT 0 COMMENT '0 - false\n1  - true'
) ENGINE=InnoDB DEFAULT CHARSET=utf8;

--
-- Dumping data for table `item_supplies`
--

INSERT INTO `item_supplies` (`item_supply_id`, `item_id`, `supplier_id`, `price`, `quantity`, `date_recieved`, `staff_id`, `is_added_to_stock`) VALUES
('18090001', '18090001', 1, '40.00', 30, '2018-09-09', '20180901', 1),
('18090002', '18090003', 1, '30.00', 50, '2018-09-09', '20180901', 1),
('18090003', '18090001', 3, '50.00', 20, '2018-09-12', '20180901', 1),
('18090004', '18090007', 1, '250.00', 20, '2018-09-14', '20180901', 1),
('18090005', '18090007', 1, '250.00', 20, '2018-09-18', '20180901', 1),
('18090007', '18090007', 4, '250.00', 20, '2018-09-19', '20180901', 1),
('18090008', '18090013', 1, '320.00', 50, '2018-09-19', '20180901', 1),
('18090009', '18090012', 1, '110.00', 70, '2018-09-19', '20180901', 1),
('18090010', '18090014', 1, '155.00', 20, '2018-09-21', '20180901', 1),
('18090011', '18090015', 1, '200.00', 50, '2018-09-29', '20180901', 1),
('18100001', '18090007', 1, '251.00', 50, '2018-10-04', '20180901', 1),
('18100002', '18100001', 1, '100.00', 100, '2018-10-07', '20180901', 1),
('18100003', '18100002', 4, '145.00', 100, '2018-10-07', '20180901', 1),
('18100004', '18090015', 1, '200.00', 90, '2018-10-07', '20180901', 1),
('18100005', '18100003', 1, '120.00', 200, '2018-10-08', '20180901', 1),
('18100006', '18090014', 4, '155.00', 150, '2018-10-08', '20180901', 1),
('18100007', '18090015', 2, '200.00', 300, '2018-10-10', '20180901', 1),
('18100008', '18090013', 2, '320.00', 120, '2018-10-10', '20180901', 1),
('18100009', '18090012', 2, '110.00', 120, '2018-10-10', '20180901', 1),
('18100010', '18100001', 1, '100.00', 55, '2018-10-10', '20180901', 1),
('18100011', '18090001', 1, '50.00', 70, '2018-10-10', '20180901', 1),
('18100012', '18090002', 2, '40.00', 40, '2018-10-10', '20180901', 1);

-- --------------------------------------------------------

--
-- Table structure for table `positions`
--

CREATE TABLE `positions` (
  `position_id` int(11) NOT NULL,
  `description` varchar(45) NOT NULL
) ENGINE=InnoDB DEFAULT CHARSET=utf8;

--
-- Dumping data for table `positions`
--

INSERT INTO `positions` (`position_id`, `description`) VALUES
(1, 'Administrator'),
(2, 'Cashier'),
(3, 'Helper'),
(4, 'Test'),
(5, 'test2'),
(6, 'Truck Driver'),
(7, 'Testing');

-- --------------------------------------------------------

--
-- Table structure for table `position_privilege`
--

CREATE TABLE `position_privilege` (
  `position_privilege_id` int(11) NOT NULL,
  `position_id` int(11) DEFAULT NULL,
  `privilege_id` int(11) DEFAULT NULL,
  `is_granted` tinyint(1) DEFAULT 1
) ENGINE=InnoDB DEFAULT CHARSET=utf8;

--
-- Dumping data for table `position_privilege`
--

INSERT INTO `position_privilege` (`position_privilege_id`, `position_id`, `privilege_id`, `is_granted`) VALUES
(1, 1, 1, 1),
(2, 1, 2, 1),
(3, 1, 3, 1),
(4, 1, 4, 1),
(5, 1, 5, 1),
(6, 2, 1, 1),
(7, 2, 2, 1),
(8, 2, 3, 1),
(9, 2, 4, 0),
(10, 2, 5, 0),
(11, 3, 1, 1),
(12, 3, 2, 1),
(13, 3, 3, 0),
(14, 3, 4, 0),
(15, 3, 5, 0),
(16, 4, 1, 1),
(17, 4, 2, 1),
(18, 4, 3, 0),
(19, 4, 4, 0),
(20, 4, 5, 0),
(21, 5, 1, 1),
(22, 5, 2, 1),
(23, 5, 3, 1),
(24, 5, 4, 1),
(25, 5, 5, 1),
(26, 1, 6, 1),
(27, 2, 6, 1),
(28, 7, 1, 1),
(29, 7, 2, 1),
(30, 7, 3, 1),
(31, 7, 4, 1),
(32, 7, 5, 1),
(33, 7, 6, 1);

-- --------------------------------------------------------

--
-- Table structure for table `privileges`
--

CREATE TABLE `privileges` (
  `privilege_id` int(11) NOT NULL,
  `description` varchar(45) DEFAULT NULL
) ENGINE=InnoDB DEFAULT CHARSET=utf8;

--
-- Dumping data for table `privileges`
--

INSERT INTO `privileges` (`privilege_id`, `description`) VALUES
(1, 'Dashboard'),
(2, 'Transaction'),
(3, 'Supplier'),
(4, 'Inventory'),
(5, 'Employee'),
(6, 'Delivery');

-- --------------------------------------------------------

--
-- Table structure for table `returns`
--

CREATE TABLE `returns` (
  `return_id` char(8) NOT NULL,
  `date_time` datetime NOT NULL,
  `staff_id` char(8) NOT NULL,
  `total_amount_returned` decimal(12,2) NOT NULL,
  `or_number_reference` varchar(25) NOT NULL
) ENGINE=InnoDB DEFAULT CHARSET=utf8;

--
-- Dumping data for table `returns`
--

INSERT INTO `returns` (`return_id`, `date_time`, `staff_id`, `total_amount_returned`, `or_number_reference`) VALUES
('18100001', '2018-10-03 22:13:37', '20180901', '280.00', '21124'),
('18100002', '2018-10-03 22:16:37', '20180901', '580.00', '223890'),
('18100003', '2018-10-04 09:21:42', '20180901', '281.12', '0092145'),
('18100004', '2018-10-05 07:22:41', '20181001', '134.40', '001235'),
('18100005', '2018-10-07 10:39:36', '20180901', '60.00', '9900'),
('18100006', '2018-10-07 11:37:13', '20180901', '1100.00', '5654'),
('18100007', '2018-10-07 23:00:28', '20180901', '280.00', '12358'),
('18100008', '2018-10-08 08:41:58', '20180901', '400.00', '7896'),
('18100009', '2018-10-09 14:59:11', '20180901', '60.00', '08586'),
('18100010', '2018-10-12 08:24:17', '20180901', '320.00', '91342');

-- --------------------------------------------------------

--
-- Table structure for table `sales`
--

CREATE TABLE `sales` (
  `sale_id` char(8) NOT NULL COMMENT 'yymm0000',
  `date_time` datetime NOT NULL DEFAULT current_timestamp(),
  `total_price` decimal(12,2) NOT NULL,
  `staff_id` char(8) NOT NULL,
  `or_number` varchar(25) DEFAULT NULL,
  `vatable` decimal(12,2) DEFAULT NULL,
  `vat_tax` decimal(12,2) DEFAULT NULL
) ENGINE=InnoDB DEFAULT CHARSET=utf8;

--
-- Dumping data for table `sales`
--

INSERT INTO `sales` (`sale_id`, `date_time`, `total_price`, `staff_id`, `or_number`, `vatable`, `vat_tax`) VALUES
('18090001', '2019-09-19 19:31:36', '280.00', '20180901', '009923', '250.00', '30.00'),
('18090002', '2019-09-19 20:53:07', '460.00', '20180901', '0002312', '250.00', '30.00'),
('18090003', '2019-09-19 20:55:36', '4800.00', '20180901', '0005433', '0.00', '0.00'),
('18090004', '2019-09-18 20:56:42', '560.00', '20180901', '00012322', '500.00', '60.00'),
('18090005', '2019-09-21 16:21:15', '610.00', '20180901', '0092342', '500.00', '60.00'),
('18090006', '2019-09-21 16:24:49', '3472.00', '20180901', '003321', '3100.00', '372.00'),
('18090007', '2019-09-21 18:17:16', '50.00', '20180901', '0002354', '0.00', '0.00'),
('18090008', '2019-09-21 20:29:49', '760.00', '20180901', '000987', '500.00', '60.00'),
('18090009', '2019-09-22 11:38:47', '380.00', '20180901', '0005643', '250.00', '30.00'),
('18090010', '2019-09-22 11:46:07', '280.00', '20180901', '008823', '250.00', '30.00'),
('18090011', '2019-09-29 16:39:42', '280.00', '20180901', '0092315', '250.00', '30.00'),
('18090012', '2019-09-29 16:41:15', '100.00', '20180901', '0023143', '0.00', '0.00'),
('18100001', '2019-10-01 14:39:03', '50.00', '20180901', '0023148', '0.00', '0.00'),
('18100002', '2019-10-03 11:29:53', '250.00', '20180901', '9886', '0.00', '0.00'),
('18100003', '2019-10-03 11:33:25', '280.00', '20180901', '21124', '250.00', '30.00'),
('18100004', '2019-10-03 11:37:21', '102.00', '20180901', '2222', '0.00', '0.00'),
('18100005', '2019-10-03 11:39:20', '51.00', '20180901', '4432', '0.00', '0.00'),
('18100006', '2019-10-03 11:45:41', '560.00', '20180901', '000112', '500.00', '60.00'),
('18100007', '2019-10-03 11:47:20', '640.00', '20180901', '223890', '500.00', '60.00'),
('18100008', '2019-10-03 22:46:14', '41.00', '20180901', '221675', '0.00', '0.00'),
('18100009', '2019-10-03 22:48:35', '57.00', '20180901', '221678', '0.00', '0.00'),
('18100010', '2019-10-04 08:56:07', '534.13', '20180901', '0092145', '502.00', '60.24'),
('18100011', '2019-10-04 08:57:01', '82.00', '20180901', '0092146', '0.00', '0.00'),
('18100012', '2019-10-04 09:42:36', '44.80', '20180901', '009921', '40.00', '4.80'),
('18100013', '2019-10-04 09:45:25', '665.92', '20180901', '009922', '291.00', '34.92'),
('18100014', '2019-10-05 07:21:19', '224.00', '20181001', '001235', '200.00', '24.00'),
('18100015', '2019-10-05 10:09:52', '681.84', '20180901', '66765', '582.00', '69.84'),
('18100016', '2019-10-05 10:17:35', '281.12', '20180901', '90123', '251.00', '30.12'),
('18100017', '2019-10-05 13:51:39', '4000.00', '20180901', '012598', '0.00', '0.00'),
('18100018', '2019-10-05 16:42:09', '562.24', '20180901', '009123', '502.00', '60.24'),
('18100019', '2019-10-05 21:36:05', '44.80', '20180901', '90124', '40.00', '4.80'),
('18100020', '2019-10-05 21:39:39', '8400.00', '20180901', '1122', '0.00', '0.00'),
('18100021', '2019-10-06 08:22:20', '281.12', '20180901', '1235', '251.00', '30.12'),
('18100022', '2019-10-06 08:23:05', '2200.00', '20180901', '12356', '0.00', '0.00'),
('18100023', '2019-10-06 08:24:58', '4000.00', '20180901', '2316', '0.00', '0.00'),
('18100024', '2019-10-06 17:50:15', '60.00', '20180901', '123', '0.00', '0.00'),
('18100025', '2019-10-06 17:51:19', '10.00', '20180901', '1234', '0.00', '0.00'),
('18100026', '2019-10-07 10:34:33', '60.00', '20180901', '9900', '0.00', '0.00'),
('18100027', '2019-10-07 10:46:24', '562.24', '20180901', '5556', '502.00', '60.24'),
('18100028', '2019-10-07 10:51:30', '281.12', '20180901', '12365', '251.00', '30.12'),
('18100029', '2019-10-07 11:00:40', '612.24', '20180901', '12567', '502.00', '60.24'),
('18100030', '2019-10-07 11:30:58', '3952.24', '20180901', '5654', '502.00', '60.24'),
('18100031', '2019-10-07 16:06:31', '7248.00', '20180901', '5674', '2900.00', '348.00'),
('18100032', '2019-10-07 21:32:39', '676.63', '20180901', '12368', '502.00', '60.24'),
('18100033', '2019-10-07 22:14:21', '281.12', '20180901', '12358', '251.00', '30.12'),
('18100034', '2019-10-07 23:10:26', '562.24', '20180901', '9098', '502.00', '60.24'),
('18100035', '2019-10-08 08:12:38', '6000.00', '20180901', '7896', '0.00', '0.00'),
('18100036', '2019-10-08 08:23:13', '60.00', '20181001', '1456', '0.00', '0.00'),
('18100037', '2019-10-08 08:39:31', '2240.00', '20180901', '12378', '2000.00', '240.00'),
('18100038', '2019-10-08 09:41:24', '347.20', '20181004', '8086', '310.00', '37.20'),
('18100039', '2019-10-08 09:42:51', '4000.00', '20181004', '8087', '0.00', '0.00'),
('18100040', '2019-10-08 10:05:40', '3472.00', '20180901', '890123', '3100.00', '372.00'),
('18100041', '2019-10-08 11:36:30', '310.00', '20180901', '233430090', '250.00', '30.00'),
('18100042', '2019-10-08 11:40:07', '3120.00', '20180901', '08586', '2250.00', '270.00'),
('18100043', '2019-10-09 14:56:23', '280.00', '20180901', '22315', '250.00', '30.00'),
('18100044', '2019-10-10 06:47:48', '4000.00', '20180901', '2235', '0.00', '0.00'),
('18100045', '2019-10-10 06:50:13', '2240.00', '20180901', '25649', '2000.00', '240.00'),
('18100046', '2019-10-10 07:14:11', '3200.00', '20180901', '2567', '0.00', '0.00'),
('18100047', '2019-10-10 07:43:55', '120.00', '20180901', '21315', '0.00', '0.00'),
('18100048', '2019-10-10 07:48:32', '5208.00', '20180901', '23135', '4650.00', '558.00'),
('18100049', '2019-10-10 07:53:43', '5208.00', '20180901', '23136', '4650.00', '558.00'),
('18100050', '2019-10-10 09:10:27', '5460.00', '20180901', '12345', '4875.00', '585.00'),
('18100051', '2019-10-10 11:07:27', '7332.00', '20180901', '09124', '4100.00', '492.00'),
('18100052', '2019-10-11 08:09:19', '1120.00', '20180901', '901024', '1000.00', '120.00'),
('18100053', '2019-10-11 08:26:02', '553.60', '20180901', '788123', '405.00', '48.60'),
('18100054', '2019-10-11 08:28:45', '3819.20', '20180901', '889124', '3410.00', '409.20'),
('18100055', '2019-10-12 08:22:06', '3628.00', '20180901', '91342', '3150.00', '378.00'),
('20060001', '2020-06-04 14:03:00', '250.00', '20180901', '20060001', '0.00', '0.00'),
('20060002', '2020-06-04 14:05:36', '250.00', '20180901', '20060002', '0.00', '0.00');

-- --------------------------------------------------------

--
-- Table structure for table `sales_customer`
--

CREATE TABLE `sales_customer` (
  `sales_customer_id` int(11) NOT NULL,
  `customer_id` char(8) NOT NULL,
  `sale_id` char(8) NOT NULL
) ENGINE=InnoDB DEFAULT CHARSET=utf8;

--
-- Dumping data for table `sales_customer`
--

INSERT INTO `sales_customer` (`sales_customer_id`, `customer_id`, `sale_id`) VALUES
(3, '18090004', '18090001'),
(4, '18090004', '18090002'),
(5, '18090001', '18090003'),
(6, '18090004', '18090005'),
(7, '18090002', '18090008'),
(8, '18090004', '18090009'),
(9, '18090004', '18090012'),
(10, '18090004', '18100006'),
(11, '18090002', '18100007'),
(12, '18090002', '18100008'),
(13, '18090002', '18100011'),
(14, '18100001', '18100013'),
(15, '18100001', '18100015'),
(16, '18090002', '18100017'),
(17, '18090004', '18100018'),
(18, '18090004', '18100019'),
(19, '18090004', '18100020'),
(20, '18090004', '18100021'),
(21, '18090001', '18100022'),
(22, '18100001', '18100023'),
(23, '18090004', '18100025'),
(24, '18090002', '18100026'),
(25, '18090004', '18100027'),
(26, '18100001', '18100029'),
(27, '18100001', '18100030'),
(28, '18100001', '18100031'),
(29, '18090002', '18100032'),
(30, '18090004', '18100033'),
(31, '18090001', '18100035'),
(32, '18090002', '18100037'),
(33, '18100001', '18100039'),
(34, '18100001', '18100040'),
(35, '18090002', '18100041'),
(36, '18090004', '18100042'),
(37, '18090004', '18100043'),
(38, '18090004', '18100044'),
(39, '18090004', '18100045'),
(40, '18100001', '18100046'),
(41, '18090004', '18100047'),
(42, '18090004', '18100048'),
(43, '18100001', '18100049'),
(44, '18100001', '18100050'),
(45, '18090004', '18100051'),
(46, '18100001', '18100052'),
(47, '18100001', '18100053'),
(48, '18100001', '18100054'),
(49, '18100001', '18100055');

-- --------------------------------------------------------

--
-- Table structure for table `sale_details`
--

CREATE TABLE `sale_details` (
  `sale_detail_id` int(11) NOT NULL,
  `sale_id` char(8) NOT NULL,
  `item_id` char(8) NOT NULL,
  `price` decimal(12,2) NOT NULL,
  `quantity` double NOT NULL,
  `discount_percentage` double NOT NULL DEFAULT 0,
  `is_vatable` tinyint(1) DEFAULT NULL
) ENGINE=InnoDB DEFAULT CHARSET=utf8;

--
-- Dumping data for table `sale_details`
--

INSERT INTO `sale_details` (`sale_detail_id`, `sale_id`, `item_id`, `price`, `quantity`, `discount_percentage`, `is_vatable`) VALUES
(111, '18090001', '18090007', '280.00', 1, 0, 1),
(112, '18090002', '18090001', '50.00', 2, 0, 0),
(113, '18090002', '18090002', '40.00', 2, 0, 0),
(114, '18090002', '18090007', '280.00', 1, 0, 1),
(115, '18090003', '18090013', '320.00', 15, 0, 0),
(116, '18090004', '18090007', '280.00', 2, 0, 1),
(117, '18090005', '18090001', '50.00', 1, 0, 0),
(118, '18090005', '18090007', '280.00', 2, 0, 1),
(119, '18090006', '18090014', '173.60', 20, 0, 1),
(120, '18090007', '18090001', '50.00', 1, 0, 0),
(121, '18090008', '18090001', '50.00', 4, 0, 0),
(122, '18090008', '18090007', '280.00', 2, 0, 1),
(123, '18090009', '18090001', '50.00', 2, 0, 0),
(124, '18090009', '18090007', '280.00', 1, 0, 1),
(125, '18090010', '18090007', '280.00', 1, 0, 1),
(126, '18090011', '18090007', '280.00', 1, 0, 1),
(127, '18090012', '18090001', '50.00', 2, 0, 0),
(128, '18100001', '18090001', '50.00', 1, 0, 0),
(129, '18100002', '18090007', '280.00', 1, 0, 1),
(130, '18100003', '18090007', '280.00', 1, 0, 1),
(131, '18100004', '18090001', '51.00', 2, 0, 0),
(132, '18100005', '18090001', '51.00', 1, 0, 0),
(133, '18100006', '18090007', '280.00', 2, 0, 1),
(134, '18100007', '18090002', '40.00', 2, 0, 0),
(135, '18100007', '18090007', '280.00', 2, 0, 1),
(136, '18100008', '18090002', '41.00', 1, 0, 0),
(137, '18100009', '18090003', '30.00', 2, 5, 0),
(138, '18100010', '18090007', '281.12', 2, 5, 1),
(139, '18100011', '18090002', '41.00', 2, 0, 0),
(140, '18100012', '18090002', '44.80', 1, 0, 1),
(141, '18100013', '18090007', '281.12', 1, 0, 1),
(142, '18100013', '18090013', '320.00', 1, 0, 0),
(143, '18100013', '18090002', '44.80', 1, 0, 1),
(144, '18100013', '18090004', '20.00', 1, 0, 0),
(145, '18100014', '18090002', '44.80', 5, 0, 1),
(146, '18100015', '18090002', '44.80', 2, 0, 1),
(147, '18100015', '18090003', '30.00', 1, 0, 0),
(148, '18100015', '18090007', '281.12', 2, 0, 1),
(149, '18100016', '18090007', '281.12', 1, 0, 1),
(150, '18100017', '18090015', '200.00', 20, 0, 0),
(151, '18100018', '18090007', '281.12', 2, 0, 1),
(152, '18100019', '18090002', '44.80', 1, 0, 1),
(153, '18100020', '18090013', '320.00', 20, 0, 0),
(154, '18100020', '18090015', '200.00', 10, 0, 0),
(155, '18100021', '18090007', '281.12', 1, 0, 1),
(156, '18100022', '18090012', '110.00', 20, 0, 0),
(157, '18100023', '18090015', '200.00', 20, 0, 0),
(158, '18100024', '18090003', '30.00', 2, 0, 0),
(159, '18100025', '18090005', '10.00', 1, 0, 0),
(160, '18100026', '18090003', '30.00', 2, 0, 0),
(161, '18100027', '18090007', '281.12', 2, 0, 1),
(162, '18100028', '18090007', '281.12', 1, 0, 1),
(163, '18100029', '18090007', '281.12', 2, 0, 1),
(164, '18100029', '18090003', '30.00', 1, 0, 0),
(165, '18100029', '18090004', '20.00', 1, 0, 0),
(166, '18100030', '18090012', '110.00', 30, 0, 0),
(167, '18100030', '18090003', '30.00', 3, 0, 0),
(168, '18100030', '18090007', '281.12', 2, 0, 1),
(169, '18100031', '18100002', '162.40', 20, 0, 1),
(170, '18100031', '18090015', '200.00', 20, 0, 0),
(171, '18100032', '18090007', '281.12', 2, 5, 1),
(172, '18100032', '18090003', '30.00', 5, 5, 0),
(173, '18100033', '18090007', '281.12', 1, 0, 1),
(174, '18100034', '18090007', '281.12', 2, 0, 1),
(175, '18100035', '18090015', '200.00', 30, 0, 0),
(176, '18100036', '18090003', '30.00', 2, 0, 0),
(177, '18100037', '18100001', '112.00', 20, 0, 1),
(178, '18100038', '18090014', '173.60', 2, 0, 1),
(179, '18100039', '18090015', '200.00', 20, 0, 0),
(180, '18100040', '18090014', '173.60', 20, 0, 1),
(181, '18100041', '18090003', '30.00', 1, 0, 0),
(182, '18100041', '18090007', '280.00', 1, 0, 1),
(183, '18100042', '18090003', '30.00', 20, 0, 0),
(184, '18100042', '18090007', '280.00', 1, 0, 1),
(185, '18100042', '18100001', '112.00', 20, 0, 1),
(186, '18100043', '18090007', '280.00', 1, 0, 1),
(187, '18100044', '18090015', '200.00', 20, 0, 0),
(188, '18100045', '18100001', '112.00', 20, 0, 1),
(189, '18100046', '18090013', '320.00', 10, 0, 0),
(190, '18100047', '18090003', '30.00', 4, 0, 0),
(191, '18100048', '18090014', '173.60', 30, 0, 1),
(192, '18100049', '18090014', '173.60', 30, 0, 1),
(193, '18100050', '18090014', '173.60', 25, 0, 1),
(194, '18100050', '18100001', '112.00', 10, 0, 1),
(195, '18100051', '18090013', '320.00', 4, 0, 0),
(196, '18100051', '18090012', '110.00', 10, 0, 0),
(197, '18100051', '18090014', '173.60', 20, 0, 1),
(198, '18100051', '18100001', '112.00', 10, 0, 1),
(199, '18100051', '18100003', '120.00', 3, 0, 0),
(200, '18100052', '18100001', '112.00', 10, 0, 1),
(201, '18100053', '18090007', '280.00', 1, 0, 1),
(202, '18100053', '18090014', '173.60', 1, 0, 1),
(203, '18100053', '18090001', '50.00', 2, 0, 0),
(204, '18100054', '18090014', '173.60', 22, 0, 1),
(205, '18100055', '18090007', '280.00', 1, 0, 1),
(206, '18100055', '18100002', '162.40', 20, 0, 1),
(207, '18100055', '18090001', '50.00', 2, 0, 0),
(208, '20060001', '18090001', '50.00', 5, 0, 0),
(209, '20060002', '18090001', '50.00', 5, 0, 0);

-- --------------------------------------------------------

--
-- Table structure for table `staffs`
--

CREATE TABLE `staffs` (
  `staff_id` char(8) NOT NULL COMMENT 'sample: staff180100\nnew format : 20150100 - yyyymm00',
  `first_name` varchar(35) NOT NULL,
  `last_name` varchar(35) NOT NULL,
  `middle_name` varchar(35) NOT NULL,
  `position_id` int(11) NOT NULL,
  `contact_no` char(11) DEFAULT NULL,
  `birthdate` date DEFAULT NULL,
  `sex` tinyint(1) NOT NULL COMMENT '0 - male\n1 - female',
  `address` varchar(100) DEFAULT NULL,
  `date_hired` date DEFAULT NULL,
  `username` varchar(20) DEFAULT NULL,
  `password` varchar(255) DEFAULT NULL,
  `is_employed` tinyint(1) DEFAULT 1
) ENGINE=InnoDB DEFAULT CHARSET=utf8;

--
-- Dumping data for table `staffs`
--

INSERT INTO `staffs` (`staff_id`, `first_name`, `last_name`, `middle_name`, `position_id`, `contact_no`, `birthdate`, `sex`, `address`, `date_hired`, `username`, `password`, `is_employed`) VALUES
('20180901', 'Gabriel', 'Olivares', 'Dio', 1, '09151606316', '1998-04-01', 0, 'Cabuyao, Laguna', '2018-09-12', 'admin', 'admin', 1),
('20180902', 'Smith', 'Mae', 'Go', 2, '09897665467', '1999-09-12', 1, 'Cabuyao, Laguna', '2018-09-14', 'mae12345', 'mae12345', 0),
('20180903', 'Addasds', 'Testing', 'Daks', 2, '09897664543', '1992-09-12', 0, 'Sta. Rosa, Laguna', '2018-09-14', 'admin2', 'admin2', 0),
('20181001', 'Francis ', 'Punongbayan', 'Pep', 2, '09129887675', '1997-10-23', 0, 'Sala, Cabuyao, Laguna', '2018-10-04', 'francis', 'francis', 1),
('20181002', 'Jencel', 'Cansicio', 'Pogi', 2, '09123456789', '1999-03-24', 0, 'Marinig, Cabuyao, Laguna', '2018-10-04', 'JencelPogi123', 'jencelpogi', 1),
('20181003', 'Vixen', 'Ortega', 'John', 2, '09878776567', '1995-01-04', 0, 'Blk 1 Lot 4 Testing, Cabuyao, Laguna', '2018-10-04', 'vixen', 'vixen', 1),
('20181004', 'Papa Gab', 'Olivares', 'Daks', 2, '09878776567', '1997-10-04', 0, 'Test 123, Cabuyao, Laguna', '2018-10-04', 'papagab', 'papagab', 1),
('20181005', 'Twersd', 'Teasd', 'Oasdaw', 3, '09898776784', '1992-10-05', 0, 'Cabuyao, Laguna', '2018-10-05', 'test', 'test', 1),
('20181006', 'Qwasd', 'Rasdasd', 'Qwasdgf', 3, '09987887678', '1992-10-05', 0, 'ASasd, ADas', '2018-10-05', '12312', '23123', 1),
('20181007', 'Oasdfds', 'Yasdd', 'Tyasd', 6, '09923334565', '1992-10-05', 1, 'Cabuyao, laguna', '2018-10-05', 'qweqwe', 'qweqew', 1),
('20181008', 'Sdada', 'Asaasd', 'As', 3, '09998778656', '1992-10-05', 0, 'Asasdasd, Adassf', '2018-10-05', 'adasdasd', 'asdasd', 1),
('20181009', 'Badsad', 'ZUyasd', 'QYwae', 3, '09898776567', '2018-10-05', 0, 'Cabuyao, Laguna', '2018-10-05', 'asdad', 'asdasd', 1),
('20181010', 'Poasd', 'Asef', 'Yadasd', 6, '09889887675', '1994-10-05', 0, 'Cabuyao, Laguna', '2018-10-05', '123123', '123123', 1),
('20181011', 'John', 'Lopez', 'Carlo', 2, '09123445675', '1995-12-31', 0, '152 Marinig, Cabuyao, Laguna', '2018-10-07', 'carlo', 'carlo', 1),
('20181013', 'Rasd', 'Rasd', 'Gasd', 3, '09876543657', '2000-12-31', 0, '123 purok 5 marinig cabuyao laguna', '2018-10-08', 'juyan', 'juyan', 1),
('20181014', 'Test', 'Testing', 'Ffsdf', 6, '09123334567', '2000-10-10', 1, 'Cabuyao, Laguna', '2018-10-10', 'asdad', 'adad', 0);

-- --------------------------------------------------------

--
-- Table structure for table `suppliers`
--

CREATE TABLE `suppliers` (
  `supplier_id` int(11) NOT NULL,
  `company_name` varchar(45) NOT NULL,
  `address` varchar(100) NOT NULL,
  `contact_no` varchar(20) NOT NULL
) ENGINE=InnoDB DEFAULT CHARSET=utf8;

--
-- Dumping data for table `suppliers`
--

INSERT INTO `suppliers` (`supplier_id`, `company_name`, `address`, `contact_no`) VALUES
(1, 'Calamba RMC Plant', 'Calamba, 4027 Laguna', '09329480301'),
(2, 'C.G.Abdon Coco Lumber ', '88 National Hwy, Banay - Banay, Cabuyao, 4025 Laguna', '09058882049'),
(3, 'James Hardie Philippines, inc.', 'Brgy, Cabuyao, Laguna', '09498702500'),
(4, 'South Luzon Steel Industrial Corporation', '3, Barangay Banlic Road, Cabuyao City, Laguna', '09495309123'),
(5, 'Aluminum And Stainless Fabrication', 'Mamatid 4025 Cabuyao, Philippines', '0915 7908876'),
(6, 'Reyjen Glass Aluminum and Steel Works', '127 bldg. B,brgy. Sala', '09284699892'),
(7, 'Adtek Wood Industry Inc', 'Mamatid Rd. Banlic Cabuyao Laguna, Cabuyao, Laguna', '09875667493'),
(8, 'JJ Claveria Paint & Industrial Sales', 'Manila S Rd, Cabuyao, 4025 Laguna', '09228617875');

-- --------------------------------------------------------

--
-- Table structure for table `trucks`
--

CREATE TABLE `trucks` (
  `truck_id` int(11) NOT NULL,
  `description` varchar(100) NOT NULL,
  `plate_no` char(8) NOT NULL COMMENT 'AAA-1234',
  `year_created` year(4) DEFAULT NULL
) ENGINE=InnoDB DEFAULT CHARSET=utf8;

--
-- Dumping data for table `trucks`
--

INSERT INTO `trucks` (`truck_id`, `description`, `plate_no`, `year_created`) VALUES
(1, 'MITSUBISHI FUSO FP/FV', 'ABC-1234', 2016),
(2, 'MITSUBISHI FUSO SHD99123', 'DEF-4567', 2017),
(3, 'toyota', 'ABC-2321', 2013);

-- --------------------------------------------------------

--
-- Table structure for table `unit_categories`
--

CREATE TABLE `unit_categories` (
  `unit_category_id` int(11) NOT NULL,
  `description` varchar(45) NOT NULL,
  `unit` varchar(15) NOT NULL,
  `whole_in_sale` tinyint(1) DEFAULT NULL
) ENGINE=InnoDB DEFAULT CHARSET=utf8;

--
-- Dumping data for table `unit_categories`
--

INSERT INTO `unit_categories` (`unit_category_id`, `description`, `unit`, `whole_in_sale`) VALUES
(1, 'Kilo Gram', 'kg', 0),
(2, 'Pieces', 'pcs', 1),
(3, 'Bags', 'bags', 1),
(4, 'Sacks', 'sacks', 1);

--
-- Indexes for dumped tables
--

--
-- Indexes for table `broken_items`
--
ALTER TABLE `broken_items`
  ADD PRIMARY KEY (`broken_item_id`),
  ADD KEY `fk_broken_items_items1_idx` (`item_id`);

--
-- Indexes for table `categories`
--
ALTER TABLE `categories`
  ADD PRIMARY KEY (`category_id`);

--
-- Indexes for table `customers`
--
ALTER TABLE `customers`
  ADD PRIMARY KEY (`customer_id`);

--
-- Indexes for table `deliveries`
--
ALTER TABLE `deliveries`
  ADD PRIMARY KEY (`delivery_id`),
  ADD KEY `fk_deliveries_deliver_status1_idx` (`status_id`),
  ADD KEY `fk_deliveries_trucks1_idx` (`truck_id`),
  ADD KEY `fk_deliveries_sales1_idx` (`sale_id`),
  ADD KEY `fk_deliveries_staffs1_idx` (`staff_id`);

--
-- Indexes for table `delivery_staff`
--
ALTER TABLE `delivery_staff`
  ADD PRIMARY KEY (`delivery_staff_id`),
  ADD KEY `fk_delivery_staff_deliveries1_idx` (`delivery_id`),
  ADD KEY `fk_delivery_staff_staffs1_idx` (`staff_id`);

--
-- Indexes for table `deliver_status`
--
ALTER TABLE `deliver_status`
  ADD PRIMARY KEY (`status_id`);

--
-- Indexes for table `items`
--
ALTER TABLE `items`
  ADD PRIMARY KEY (`item_id`),
  ADD KEY `fk_items_unit_categories_idx` (`unit_category_id`),
  ADD KEY `fk_items_categories1_idx` (`category_id`);

--
-- Indexes for table `item_attributes`
--
ALTER TABLE `item_attributes`
  ADD PRIMARY KEY (`attribute_id`);

--
-- Indexes for table `item_details`
--
ALTER TABLE `item_details`
  ADD PRIMARY KEY (`detail_id`),
  ADD KEY `fk_item_details_items1_idx` (`item_id`),
  ADD KEY `fk_item_details_item_attribute_idx` (`attribute_id`);

--
-- Indexes for table `item_return`
--
ALTER TABLE `item_return`
  ADD PRIMARY KEY (`item_return_id`),
  ADD KEY `fk_item_returns_items1_idx` (`item_id`),
  ADD KEY `fk_item_return_return_idx` (`return_id`);

--
-- Indexes for table `item_supplies`
--
ALTER TABLE `item_supplies`
  ADD PRIMARY KEY (`item_supply_id`),
  ADD KEY `fk_item_supplies_suppliers1_idx` (`supplier_id`),
  ADD KEY `fk_item_supplies_items1_idx` (`item_id`),
  ADD KEY `fk_item_supplies_staffs1_idx` (`staff_id`);

--
-- Indexes for table `positions`
--
ALTER TABLE `positions`
  ADD PRIMARY KEY (`position_id`);

--
-- Indexes for table `position_privilege`
--
ALTER TABLE `position_privilege`
  ADD PRIMARY KEY (`position_privilege_id`),
  ADD KEY `fk_position_id_idx` (`position_id`),
  ADD KEY `fk_privilege_id_idx` (`privilege_id`);

--
-- Indexes for table `privileges`
--
ALTER TABLE `privileges`
  ADD PRIMARY KEY (`privilege_id`);

--
-- Indexes for table `returns`
--
ALTER TABLE `returns`
  ADD PRIMARY KEY (`return_id`);

--
-- Indexes for table `sales`
--
ALTER TABLE `sales`
  ADD PRIMARY KEY (`sale_id`),
  ADD UNIQUE KEY `or_number_UNIQUE` (`or_number`),
  ADD KEY `fk_sales_staffs1_idx` (`staff_id`);

--
-- Indexes for table `sales_customer`
--
ALTER TABLE `sales_customer`
  ADD PRIMARY KEY (`sales_customer_id`),
  ADD UNIQUE KEY `sale_id_UNIQUE` (`sale_id`),
  ADD KEY `fk_sales_customer_sales1_idx` (`sale_id`),
  ADD KEY `fk_sales_customer_customers1_idx` (`customer_id`);

--
-- Indexes for table `sale_details`
--
ALTER TABLE `sale_details`
  ADD PRIMARY KEY (`sale_detail_id`),
  ADD KEY `fk_sale_details_sales1_idx` (`sale_id`),
  ADD KEY `fk_sale_details_items1_idx` (`item_id`);

--
-- Indexes for table `staffs`
--
ALTER TABLE `staffs`
  ADD PRIMARY KEY (`staff_id`),
  ADD KEY `fk_staffs_positions1_idx` (`position_id`);

--
-- Indexes for table `suppliers`
--
ALTER TABLE `suppliers`
  ADD PRIMARY KEY (`supplier_id`);

--
-- Indexes for table `trucks`
--
ALTER TABLE `trucks`
  ADD PRIMARY KEY (`truck_id`),
  ADD UNIQUE KEY `plate_no_UNIQUE` (`plate_no`);

--
-- Indexes for table `unit_categories`
--
ALTER TABLE `unit_categories`
  ADD PRIMARY KEY (`unit_category_id`);

--
-- AUTO_INCREMENT for dumped tables
--

--
-- AUTO_INCREMENT for table `broken_items`
--
ALTER TABLE `broken_items`
  MODIFY `broken_item_id` int(11) NOT NULL AUTO_INCREMENT, AUTO_INCREMENT=7;

--
-- AUTO_INCREMENT for table `categories`
--
ALTER TABLE `categories`
  MODIFY `category_id` int(11) NOT NULL AUTO_INCREMENT, AUTO_INCREMENT=8;

--
-- AUTO_INCREMENT for table `deliveries`
--
ALTER TABLE `deliveries`
  MODIFY `delivery_id` int(11) NOT NULL AUTO_INCREMENT, AUTO_INCREMENT=23;

--
-- AUTO_INCREMENT for table `delivery_staff`
--
ALTER TABLE `delivery_staff`
  MODIFY `delivery_staff_id` int(11) NOT NULL AUTO_INCREMENT, AUTO_INCREMENT=71;

--
-- AUTO_INCREMENT for table `deliver_status`
--
ALTER TABLE `deliver_status`
  MODIFY `status_id` int(11) NOT NULL AUTO_INCREMENT COMMENT '1 - Waiting\n2 - Delivered\n3 - Canceled', AUTO_INCREMENT=4;

--
-- AUTO_INCREMENT for table `item_attributes`
--
ALTER TABLE `item_attributes`
  MODIFY `attribute_id` int(11) NOT NULL AUTO_INCREMENT, AUTO_INCREMENT=7;

--
-- AUTO_INCREMENT for table `item_details`
--
ALTER TABLE `item_details`
  MODIFY `detail_id` int(11) NOT NULL AUTO_INCREMENT, AUTO_INCREMENT=43;

--
-- AUTO_INCREMENT for table `item_return`
--
ALTER TABLE `item_return`
  MODIFY `item_return_id` int(11) NOT NULL AUTO_INCREMENT, AUTO_INCREMENT=12;

--
-- AUTO_INCREMENT for table `positions`
--
ALTER TABLE `positions`
  MODIFY `position_id` int(11) NOT NULL AUTO_INCREMENT, AUTO_INCREMENT=8;

--
-- AUTO_INCREMENT for table `position_privilege`
--
ALTER TABLE `position_privilege`
  MODIFY `position_privilege_id` int(11) NOT NULL AUTO_INCREMENT, AUTO_INCREMENT=34;

--
-- AUTO_INCREMENT for table `privileges`
--
ALTER TABLE `privileges`
  MODIFY `privilege_id` int(11) NOT NULL AUTO_INCREMENT, AUTO_INCREMENT=7;

--
-- AUTO_INCREMENT for table `sales_customer`
--
ALTER TABLE `sales_customer`
  MODIFY `sales_customer_id` int(11) NOT NULL AUTO_INCREMENT, AUTO_INCREMENT=50;

--
-- AUTO_INCREMENT for table `sale_details`
--
ALTER TABLE `sale_details`
  MODIFY `sale_detail_id` int(11) NOT NULL AUTO_INCREMENT, AUTO_INCREMENT=210;

--
-- AUTO_INCREMENT for table `suppliers`
--
ALTER TABLE `suppliers`
  MODIFY `supplier_id` int(11) NOT NULL AUTO_INCREMENT, AUTO_INCREMENT=9;

--
-- AUTO_INCREMENT for table `trucks`
--
ALTER TABLE `trucks`
  MODIFY `truck_id` int(11) NOT NULL AUTO_INCREMENT, AUTO_INCREMENT=4;

--
-- AUTO_INCREMENT for table `unit_categories`
--
ALTER TABLE `unit_categories`
  MODIFY `unit_category_id` int(11) NOT NULL AUTO_INCREMENT, AUTO_INCREMENT=5;

--
-- Constraints for dumped tables
--

--
-- Constraints for table `broken_items`
--
ALTER TABLE `broken_items`
  ADD CONSTRAINT `fk_broken_items_items1` FOREIGN KEY (`item_id`) REFERENCES `items` (`item_id`) ON DELETE NO ACTION ON UPDATE NO ACTION;

--
-- Constraints for table `deliveries`
--
ALTER TABLE `deliveries`
  ADD CONSTRAINT `fk_deliveries_deliver_status1` FOREIGN KEY (`status_id`) REFERENCES `deliver_status` (`status_id`) ON DELETE NO ACTION ON UPDATE NO ACTION,
  ADD CONSTRAINT `fk_deliveries_sales1` FOREIGN KEY (`sale_id`) REFERENCES `sales` (`sale_id`) ON DELETE NO ACTION ON UPDATE NO ACTION,
  ADD CONSTRAINT `fk_deliveries_staffs1` FOREIGN KEY (`staff_id`) REFERENCES `staffs` (`staff_id`) ON DELETE NO ACTION ON UPDATE NO ACTION,
  ADD CONSTRAINT `fk_deliveries_trucks1` FOREIGN KEY (`truck_id`) REFERENCES `trucks` (`truck_id`) ON DELETE NO ACTION ON UPDATE NO ACTION;

--
-- Constraints for table `delivery_staff`
--
ALTER TABLE `delivery_staff`
  ADD CONSTRAINT `fk_delivery_staff_deliveries1` FOREIGN KEY (`delivery_id`) REFERENCES `deliveries` (`delivery_id`) ON DELETE NO ACTION ON UPDATE NO ACTION,
  ADD CONSTRAINT `fk_delivery_staff_staffs1` FOREIGN KEY (`staff_id`) REFERENCES `staffs` (`staff_id`) ON DELETE NO ACTION ON UPDATE NO ACTION;

--
-- Constraints for table `items`
--
ALTER TABLE `items`
  ADD CONSTRAINT `fk_items_categories1` FOREIGN KEY (`category_id`) REFERENCES `categories` (`category_id`) ON DELETE NO ACTION ON UPDATE NO ACTION,
  ADD CONSTRAINT `fk_items_unit_categories` FOREIGN KEY (`unit_category_id`) REFERENCES `unit_categories` (`unit_category_id`) ON DELETE NO ACTION ON UPDATE NO ACTION;

--
-- Constraints for table `item_details`
--
ALTER TABLE `item_details`
  ADD CONSTRAINT `fk_item_details_item_attribute` FOREIGN KEY (`attribute_id`) REFERENCES `item_attributes` (`attribute_id`) ON DELETE NO ACTION ON UPDATE NO ACTION,
  ADD CONSTRAINT `fk_item_details_items1` FOREIGN KEY (`item_id`) REFERENCES `items` (`item_id`) ON DELETE NO ACTION ON UPDATE NO ACTION;

--
-- Constraints for table `item_return`
--
ALTER TABLE `item_return`
  ADD CONSTRAINT `fk_item_return_return` FOREIGN KEY (`return_id`) REFERENCES `returns` (`return_id`) ON DELETE NO ACTION ON UPDATE NO ACTION,
  ADD CONSTRAINT `fk_item_returns_items1` FOREIGN KEY (`item_id`) REFERENCES `items` (`item_id`) ON DELETE NO ACTION ON UPDATE NO ACTION;

--
-- Constraints for table `item_supplies`
--
ALTER TABLE `item_supplies`
  ADD CONSTRAINT `fk_item_supplies_items1` FOREIGN KEY (`item_id`) REFERENCES `items` (`item_id`) ON DELETE NO ACTION ON UPDATE NO ACTION,
  ADD CONSTRAINT `fk_item_supplies_staffs1` FOREIGN KEY (`staff_id`) REFERENCES `staffs` (`staff_id`) ON DELETE NO ACTION ON UPDATE NO ACTION,
  ADD CONSTRAINT `fk_item_supplies_suppliers1` FOREIGN KEY (`supplier_id`) REFERENCES `suppliers` (`supplier_id`) ON DELETE NO ACTION ON UPDATE NO ACTION;

--
-- Constraints for table `position_privilege`
--
ALTER TABLE `position_privilege`
  ADD CONSTRAINT `fk_position_id` FOREIGN KEY (`position_id`) REFERENCES `positions` (`position_id`) ON DELETE NO ACTION ON UPDATE NO ACTION,
  ADD CONSTRAINT `fk_privilege_id` FOREIGN KEY (`privilege_id`) REFERENCES `privileges` (`privilege_id`) ON DELETE NO ACTION ON UPDATE NO ACTION;

--
-- Constraints for table `sales`
--
ALTER TABLE `sales`
  ADD CONSTRAINT `fk_sales_staffs1` FOREIGN KEY (`staff_id`) REFERENCES `staffs` (`staff_id`) ON DELETE NO ACTION ON UPDATE NO ACTION;

--
-- Constraints for table `sales_customer`
--
ALTER TABLE `sales_customer`
  ADD CONSTRAINT `fk_sales_customer_customers1` FOREIGN KEY (`customer_id`) REFERENCES `customers` (`customer_id`) ON DELETE NO ACTION ON UPDATE NO ACTION,
  ADD CONSTRAINT `fk_sales_customer_sales1` FOREIGN KEY (`sale_id`) REFERENCES `sales` (`sale_id`) ON DELETE NO ACTION ON UPDATE NO ACTION;

--
-- Constraints for table `sale_details`
--
ALTER TABLE `sale_details`
  ADD CONSTRAINT `fk_sale_details_items1` FOREIGN KEY (`item_id`) REFERENCES `items` (`item_id`) ON DELETE NO ACTION ON UPDATE NO ACTION,
  ADD CONSTRAINT `fk_sale_details_sales1` FOREIGN KEY (`sale_id`) REFERENCES `sales` (`sale_id`) ON DELETE NO ACTION ON UPDATE NO ACTION;

--
-- Constraints for table `staffs`
--
ALTER TABLE `staffs`
  ADD CONSTRAINT `fk_staffs_positions1` FOREIGN KEY (`position_id`) REFERENCES `positions` (`position_id`) ON DELETE NO ACTION ON UPDATE NO ACTION;
COMMIT;

/*!40101 SET CHARACTER_SET_CLIENT=@OLD_CHARACTER_SET_CLIENT */;
/*!40101 SET CHARACTER_SET_RESULTS=@OLD_CHARACTER_SET_RESULTS */;
/*!40101 SET COLLATION_CONNECTION=@OLD_COLLATION_CONNECTION */;
